"name","pos","sourceName","name_espn","team_espn","positionRank","overallRank","points","passAtt","passComp","passYds","passTds","passInt","rushAtt","rushYds","rushTds","rec","recYds","recTds"
"JIMMYGAROPPOLO","QB","espn","Jimmy Garoppolo","NE",1,76,"66.9",141.9,85.7,945.3,7.3,3.7,15.7,62.6,0.5,0,0,0
"PAXTONLYNCH","QB","espn","Paxton Lynch","DEN",2,78,"65.5",174.6,99.3,1151.7,6.1,5.5,14.4,56.6,0.5,0,0,0
"DREWSTANTON","QB","espn","Drew Stanton","ARZ",3,90,"6.3",15.7,8.9,103.3,0.8,0.4,0.9,3.5,0,0,0,0
"TOMSAVAGE","QB","espn","Tom Savage","HOU",4,117,"5.3",16.6,9.3,106.9,0.7,0.6,0.4,1.5,0,0,0,0
"JAREDGOFF","QB","espn","Jared Goff","LA",5,123,"47.3",159.5,89.1,956.2,4.2,6.1,12.2,46.6,0.5,0,0,0
"EJMANUEL","QB","espn","EJ Manuel","BUF",6,142,"4.8",14,8.2,94.5,0.6,0.4,1,3.8,0,0,0,0
"MATTCASSEL","QB","espn","Matt Cassel","TEN",7,145,"4.2",14,8.5,95.3,0.6,0.5,0.8,3.1,0,0,0,0
"CAMNEWTON","QB","espn","Cam Newton","CAR",8,160,"336.1",526.5,304.6,3799,28.1,13,125.2,681.8,5.7,0,0,0
"AARONRODGERS","QB","espn","Aaron Rodgers","GB",9,163,"311",559,352,4213.1,32.4,7.4,51.2,237.4,1.5,0,0,0
"RUSSELLWILSON","QB","espn","Russell Wilson","SEA",10,166,"305.1",476.1,299.4,3736.6,29.1,10,95.6,495.3,2.6,0,0,0
"ANDREWLUCK","QB","espn","Andrew Luck","IND",11,172,"295.2",624.6,360.1,4362.9,31.8,19.1,64.8,263.6,1.7,0,0,0
"DREWBREES","QB","espn","Drew Brees","NO",12,173,"290.8",657.2,440.3,4757.5,31.3,15.4,21.7,35.5,0.9,0,0,0
"BENROETHLISBERGER","QB","espn","Ben Roethlisberger","PIT",13,176,"282.1",576.1,380.2,4543.7,28.5,12.7,28,67.5,0.7,0,0,0
"KIRKCOUSINS","QB","espn","Kirk Cousins","WAS",14,177,"281.8",600.2,388.6,4510.6,29.5,13.2,38.1,117.2,1.4,0,0,0
"MATTHEWSTAFFORD","QB","espn","Matthew Stafford","DET",15,178,"280.3",633,411.9,4642.9,25.1,13.4,39.6,135.3,1.9,0,0,0
"COLINKAEPERNICK","QB","espn","Colin Kaepernick","SF",16,180,"28.4",73.8,41.5,456.6,2.2,1.6,12.4,44.7,0.3,0,0,0
"ELIMANNING","QB","espn","Eli Manning","NYG",17,182,"272.6",608.3,380.9,4546.3,30.7,15.1,20.9,37.6,0.4,0,0,0
"PHILIPRIVERS","QB","espn","Philip Rivers","SD",18,184,"269.2",616.2,404.7,4503.1,28.3,14.9,23,61.6,0.5,0,0,0
"TYRODTAYLOR","QB","espn","Tyrod Taylor","BUF",19,185,"266.9",452.9,275.2,3240.7,21.3,12.1,112.1,578,4.5,0,0,0
"CARSONPALMER","QB","espn","Carson Palmer","ARZ",20,186,"263.7",568.8,346.5,4342.8,29.5,16.3,24.6,49.1,1,0,0,0
"ANDYDALTON","QB","espn","Andy Dalton","CIN",21,187,"263.6",513.9,323.8,3786.8,25.5,12.8,62.9,233.7,2.7,0,0,0
"BLAKEBORTLES","QB","espn","Blake Bortles","JAC",22,188,"263.1",574.8,326.3,3906,28.4,15.8,50.5,260.7,1.4,0,0,0
"RYANFITZPATRICK","QB","espn","Ryan Fitzpatrick","NYJ",23,189,"261.8",554.8,337.9,3908.9,25.8,15.5,57.2,252.5,2,0,0,0
"JAMEISWINSTON","QB","espn","Jameis Winston","TB",24,190,"260.4",554.2,320.2,3832.2,25,15.4,60.2,263,2.6,0,0,0
"ALEXSMITH","QB","espn","Alex Smith","KC",25,191,"260",501.7,326.3,3669.9,19.4,7.5,69.3,398.4,2.5,0,0,0
"DEREKCARR","QB","espn","Derek Carr","OAK",26,193,"254.8",584.4,349.7,3808.4,31,13,30.7,82,0.7,0,0,0
"RYANTANNEHILL","QB","espn","Ryan Tannehill","MIA",27,195,"251.8",607.4,375.1,4252.2,23.7,12.3,34.4,130.6,1,0,0,0
"BROCKOSWEILER","QB","espn","Brock Osweiler","HOU",28,197,"246.2",554.6,343.1,4074.7,24.5,14.8,50.8,123.3,1.5,0,0,0
"JOEFLACCO","QB","espn","Joe Flacco","BAL",29,198,"243.3",625.2,375.1,4213.8,25.5,16.2,27.1,46.9,1.2,0,0,0
"MATTRYAN","QB","espn","Matt Ryan","ATL",30,199,"242.5",619.4,409.6,4512.6,22.1,16.3,30.8,95.4,0.8,0,0,0
"ROBERTGRIFFIN","QB","espn","Robert Griffin III","CLE",31,201,"239.1",494.2,309.6,3686.6,19.3,12.5,70.6,426.7,1.9,0,0,0
"MARCUSMARIOTA","QB","espn","Marcus Mariota","TEN",32,202,"235.3",468,304.3,3528.5,19.7,12.7,70.4,355.4,2.7,0,0,0
"TOMBRADY","QB","espn","Tom Brady","NE",33,203,"232",478,302.8,3392.3,25.3,6.9,27.4,21.8,1.5,0,0,0
"JAYCUTLER","QB","espn","Jay Cutler","CHI",34,209,"221.7",498.9,320,3788.9,21.6,13.9,38.7,138.2,0.9,0,0,0
"CARSONWENTZ","QB","espn","Carson Wentz","PHI",35,210,"221.7",527.6,300,3363.1,18.5,15.8,65.4,345.1,2.9,0,0,0
"BLAINEGABBERT","QB","espn","Blaine Gabbert","SF",36,227,"196.4",519.2,314.3,3586.3,17.3,16.5,51.1,175.9,1.2,0,0,0
"SAMBRADFORD","QB","espn","Sam Bradford","MIN",37,233,"183.6",464.9,292.4,3213.5,17.2,10.8,30.8,79.5,1.3,0,0,0
"SHAUNHILL","QB","espn","Shaun Hill","MIN",38,237,"18.3",44.7,28.1,327.6,1.7,1,2.9,11.5,0.1,0,0,0
"GENOSMITH","QB","espn","Geno Smith","NYJ",39,259,"16.7",37.7,21.9,250.7,1.7,1.3,6.4,25.5,0.2,0,0,0
"CHASEDANIEL","QB","espn","Chase Daniel","PHI",40,260,"16.4",37.6,23.3,243.5,1.4,0.8,5.7,23.2,0.2,0,0,0
"LANDRYJONES","QB","espn","Landry Jones","PIT",41,261,"16.1",37.4,21.2,233.5,1.6,1.1,5.3,21.7,0.2,0,0,0
"TONYROMO","QB","espn","Tony Romo","DAL",42,263,"158.7",320.2,214.1,2538.1,17,7.2,16,34.9,0.4,0,0,0
"JOSHMCCOWN","QB","espn","Josh McCown","CLE",43,271,"15.4",39.1,22.9,281.1,1.4,0.9,2.9,11.9,0.1,0,0,0
"TREVORSIEMIAN","QB","espn","Trevor Siemian","DEN",44,307,"132.2",382.6,213.7,2417.8,13.5,15.3,25.2,103.2,1,0,0,0
"BRIANHOYER","QB","espn","Brian Hoyer","CHI",45,311,"13.1",35.8,20.6,267.2,1.4,1.1,0.6,2.3,0,0,0,0
"SEANMANNION","QB","espn","Sean Mannion","LA",46,336,"12.5",33,20.2,240.9,1,1.1,2.8,12.6,0.1,0,0,0
"DAKPRESCOTT","QB","espn","Dak Prescott","DAL",47,384,"105.7",202.7,134.6,1570.7,9.9,6,26.4,134.2,0.9,0,0,0
"CASEKEENUM","QB","espn","Case Keenum","LA",48,388,"104.4",312.1,181.3,1987.7,8.6,9,25,84.7,1.1,0,0,0
"DEREKANDERSON","QB","espn","Derek Anderson","CAR",49,398,"0.4",2.7,1.6,17.1,0.1,0.1,0.1,0.4,0,0,0,0
"CHADHENNE","QB","espn","Chad Henne","JAC",50,399,"0.4",3,1.7,19,0.2,0.1,0.1,0.5,0,0,0,0
"SCOTTTOLZIEN","QB","espn","Scott Tolzien","IND",51,400,"0.4",3.1,1.8,20.6,0.2,0.1,0.1,0.5,0,0,0,0
"RYANNASSIB","QB","espn","Ryan Nassib","NYG",52,401,"0.4",2.9,1.7,19.3,0.1,0.1,0.1,0.5,0,0,0,0
"MATTMCGLOIN","QB","espn","Matt McGloin","OAK",53,402,"0.4",2.8,1.7,18.5,0.1,0.1,0.1,0.4,0,0,0,0
"BRETTHUNDLEY","QB","espn","Brett Hundley","GB",54,403,"0.4",2.9,1.7,18.7,0.2,0.1,0.1,0.4,0,0,0,0
"TREVONEBOYKIN","QB","espn","Trevone Boykin","SEA",55,404,"0.4",2.6,1.5,16.6,0.1,0.1,0.1,0.4,0,0,0,0
"LUKEMCCOWN","QB","espn","Luke McCown","NO",56,406,"0.3",3.1,1.9,20.4,0.1,0.1,0.1,0.5,0,0,0,0
"KELLENCLEMENS","QB","espn","Kellen Clemens","SD",57,407,"0.3",3,1.8,20,0.1,0.1,0.1,0.5,0,0,0,0
"COLTMCCOY","QB","espn","Colt McCoy","WAS",58,408,"0.3",2.9,1.7,19.4,0.1,0.1,0.1,0.4,0,0,0,0
"JOEWEBB","QB","espn","Joe Webb","CAR",59,409,"0.3",0,0,0,0,0,0,0,0,0,0,0
"RYANMALLETT","QB","espn","Ryan Mallett","BAL",60,410,"0.3",3,1.8,19.7,0.1,0.1,0.1,0.5,0,0,0,0
"MIKEGLENNON","QB","espn","Mike Glennon","TB",61,411,"0.3",2.8,1.6,18.4,0.1,0.1,0.1,0.4,0,0,0,0
"AJMCCARRON","QB","espn","AJ McCarron","CIN",62,412,"0.3",2.6,1.5,16.9,0.1,0.1,0.1,0.4,0,0,0,0
"MATTSCHAUB","QB","espn","Matt Schaub","ATL",63,413,"0.2",3,1.8,20.1,0.1,0.1,0.1,0.4,0,0,0,0
"DANORLOVSKY","QB","espn","Dan Orlovsky","DET",64,414,"0.2",3.1,1.9,21.5,0.1,0.1,0.1,0.5,0,0,0,0
"MATTMOORE","QB","espn","Matt Moore","MIA",65,415,"0.2",3,1.7,19.7,0.1,0.1,0.1,0.4,0,0,0,0
"NICKFOLES","QB","espn","Nick Foles","KC",66,416,"0.2",2.7,1.6,17.5,0.1,0.1,0.1,0.4,0,0,0,0
"MARKSANCHEZ","QB","espn","Mark Sanchez","DAL",67,417,"0.1",1,0.6,6.6,0,0,0,0.2,0,0,0,0
"JACOBYBRISSETT","QB","espn","Jacoby Brissett","NE",68,418,"0.1",0.7,0.4,4.5,0,0,0,0.1,0,0,0,0
"MIKEVICK","QB","espn","Mike Vick","PIT",69,419,"0",0,0,0,0,0,0,0,0,0,0,0
"TARVARISJACKSON","QB","espn","Tarvaris Jackson","SEA",70,420,"0",0,0,0,0,0,0,0,0,0,0,0
"CHARLIEWHITEHURST","QB","espn","Charlie Whitehurst","CLE",71,421,"0",0,0,0,0,0,0,0,0,0,0,0
"BRUCEGRADKOWSKI","QB","espn","Bruce Gradkowski","PIT",72,422,"0",0,0,0,0,0,0,0,0,0,0,0
"JOSHJAVONJOHNSON","QB","espn","Josh Javon Johnson","NYG",73,423,"0",0,0,0,0,0,0,0,0,0,0,0
"MATTFLYNN","QB","espn","Matt Flynn","NO",74,424,"0",0,0,0,0,0,0,0,0,0,0,0
"JOSHFREEMAN","QB","espn","Josh Freeman","IND",75,425,"0",0,0,0,0,0,0,0,0,0,0,0
"JIMMYCLAUSEN","QB","espn","Jimmy Clausen","BAL",76,426,"0",0,0,0,0,0,0,0,0,0,0,0
"TIMTEBOW","QB","espn","Tim Tebow","FA",77,427,"0",0,0,0,0,0,0,0,0,0,0,0
"DANLEFEVOUR","QB","espn","Dan LeFevour","TB",78,428,"0",0,0,0,0,0,0,0,0,0,0,0
"THADDEUSLEWIS","QB","espn","Thaddeus Lewis","SF",79,429,"0",0,0,0,0,0,0,0,0,0,0,0
"CHRISTIANPONDER","QB","espn","Christian Ponder","SF",80,430,"0",0,0,0,0,0,0,0,0,0,0,0
"TJYATES","QB","espn","T.J. Yates","HOU",81,431,"0",0,0,0,0,0,0,0,0,0,0,0
"JERRODJOHNSON","QB","espn","Jerrod Johnson","DAL",82,432,"0",0,0,0,0,0,0,0,0,0,0,0
"BRANDONWEEDEN","QB","espn","Brandon Weeden","HOU",83,433,"0",0,0,0,0,0,0,0,0,0,0,0
"KELLENMOORE","QB","espn","Kellen Moore","DAL",84,434,"0",0,0,0,0,0,0,0,0,0,0,0
"RYANLINDLEY","QB","espn","Ryan Lindley","IND",85,435,"0",0,0,0,0,0,0,0,0,0,0,0
"AUSTINDAVIS","QB","espn","Austin Davis","DEN",86,436,"0",0,0,0,0,0,0,0,0,0,0,0
"MATTSIMMS","QB","espn","Matt Simms","ATL",87,437,"0",0,0,0,0,0,0,0,0,0,0,0
"ALEXTANNEY","QB","espn","Alex Tanney","TEN",88,438,"0",0,0,0,0,0,0,0,0,0,0,0
"SEANRENFREE","QB","espn","Sean Renfree","ATL",89,439,"0",0,0,0,0,0,0,0,0,0,0,0
"ZACDYSERT","QB","espn","Zac Dysert","ARZ",90,440,"0",0,0,0,0,0,0,0,0,0,0,0
"MATTBARKLEY","QB","espn","Matt Barkley","CHI",91,441,"0",0,0,0,0,0,0,0,0,0,0,0
"RYANGRIFFIN","QB","espn","Ryan Griffin","TB",92,442,"0",0,0,0,0,0,0,0,0,0,0,0
"TYLERBRAY","QB","espn","Tyler Bray","KC",93,443,"0",0,0,0,0,0,0,0,0,0,0,0
"TEDDYBRIDGEWATER","QB","espn","Teddy Bridgewater","MIN",94,444,"0",0,0,0,0,0,0,0,0,0,0,0
"JOHNNYMANZIEL","QB","espn","Johnny Manziel","CLE",95,445,"0",0,0,0,0,0,0,0,0,0,0,0
"TAJHBOYD","QB","espn","Tajh Boyd","PIT",96,446,"0",0,0,0,0,0,0,0,0,0,0,0
"LOGANTHOMAS","QB","espn","Logan Thomas","NYG",97,447,"0",0,0,0,0,0,0,0,0,0,0,0
"ZACHMETTENBERGER","QB","espn","Zach Mettenberger","PIT",98,448,"0",0,0,0,0,0,0,0,0,0,0,0
"DAVIDFALES","QB","espn","David Fales","CHI",99,449,"0",0,0,0,0,0,0,0,0,0,0,0
"KEITHWENNING","QB","espn","Keith Wenning","CIN",100,450,"0",0,0,0,0,0,0,0,0,0,0,0
"AARONMURRAY","QB","espn","Aaron Murray","KC",101,451,"0",0,0,0,0,0,0,0,0,0,0,0
"MATTBLANCHARD","QB","espn","Matt Blanchard","CHI",102,452,"0",0,0,0,0,0,0,0,0,0,0,0
"DUSTINVAUGHAN","QB","espn","Dustin Vaughan","PIT",103,453,"0",0,0,0,0,0,0,0,0,0,0,0
"CONNORSHAW","QB","espn","Connor Shaw","CHI",104,454,"0",0,0,0,0,0,0,0,0,0,0,0
"BRYCEPETTY","QB","espn","Bryce Petty","NYJ",105,455,"0",0,0,0,0,0,0,0,0,0,0,0
"DYLANTHOMPSON","QB","espn","Dylan Thompson","LA",106,456,"0",0,0,0,0,0,0,0,0,0,0,0
"GARRETTGRAYSON","QB","espn","Garrett Grayson","NO",107,457,"0",0,0,0,0,0,0,0,0,0,0,0
"CHRISTIANHACKENBERG","QB","espn","Christian Hackenberg","NYJ",108,458,"0",0,0,0,0,0,0,0,0,0,0,0
"CODYKESSLER","QB","espn","Cody Kessler","CLE",109,459,"0",0.2,0.1,1.3,0,0,0,0,0,0,0,0
"CONNORCOOK","QB","espn","Connor Cook","OAK",110,460,"0",0,0,0,0,0,0,0,0,0,0,0
"CARDALEJONES","QB","espn","Cardale Jones","BUF",111,461,"0",0,0,0,0,0,0,0,0,0,0,0
"KEVINHOGAN","QB","espn","Kevin Hogan","KC",112,462,"0",0,0,0,0,0,0,0,0,0,0,0
"NATESUDFELD","QB","espn","Nate Sudfeld","WAS",113,463,"0",0,0,0,0,0,0,0,0,0,0,0
"JAKERUDOCK","QB","espn","Jake Rudock","DET",114,464,"0",0,0,0,0,0,0,0,0,0,0,0
"BRANDONALLEN","QB","espn","Brandon Allen","JAC",115,465,"0",0,0,0,0,0,0,0,0,0,0,0
"JEFFDRISKEL","QB","espn","Jeff Driskel","CIN",116,466,"0",0,0,0,0,0,0,0,0,0,0,0
"BRANDONDOUGHTY","QB","espn","Brandon Doughty","MIA",117,467,"0",0,0,0,0,0,0,0,0,0,0,0
"TAYLORHEINICKE","QB","espn","Taylor Heinicke","MIN",118,468,"0",0,0,0,0,0,0,0,0,0,0,0
"STEPHENMORRIS","QB","espn","Stephen Morris","IND",119,469,"0",0,0,0,0,0,0,0,0,0,0,0
"JOECALLAHAN","QB","espn","Joe Callahan","GB",120,470,"0",0,0,0,0,0,0,0,0,0,0,0
"SHANEVEREEN","RB","espn","Shane Vereen","NYG",1,3,"98.5",0,0,0,0,0,65.3,283.2,1.7,50.6,448.4,2.8
"DEVONTAEBOOKER","RB","espn","Devontae Booker","DEN",2,11,"95.6",0,0,0,0,0,131.8,547,4.4,18.7,147.1,0.5
"DARRENSPROLES","RB","espn","Darren Sproles","PHI",3,12,"95.3",0,0,0,0,0,72.6,331.1,2.3,46.7,389.2,1.2
"TEVINCOLEMAN","RB","espn","Tevin Coleman","ATL",4,15,"93.1",0,0,0,0,0,124.1,520.5,3.9,23.4,169.9,0.6
"DEANGELOWILLIAMS","RB","espn","DeAngelo Williams","PIT",5,24,"90.5",0,0,0,0,0,127.1,600.2,3.4,12.3,91.4,0.4
"MALCOLMBROWN","RB","espn","Malcolm Brown","LA",6,27,"9.7",0,0,0,0,0,12.8,52.1,0.4,3.4,25.5,0.1
"GEORGEATKINSON","RB","espn","George Atkinson III","CLE",7,29,"9.2",0,0,0,0,0,14.9,58.8,0.5,1.9,14,0.1
"JAYAJAYI","RB","espn","Jay Ajayi","MIA",8,42,"84.7",0,0,0,0,0,116.9,475.8,3.6,19.9,147.7,0.6
"JUSTINFORSETT","RB","espn","Justin Forsett","BAL",9,45,"82.6",0,0,0,0,0,115.5,526.5,2.9,16.6,111.5,0.4
"JERICKMCKINNON","RB","espn","Jerick McKinnon","MIN",10,50,"81.3",0,0,0,0,0,79.2,358.4,2.3,37.5,284.3,1
"CHRISTINEMICHAEL","RB","espn","Christine Michael","SEA",11,51,"81.3",0,0,0,0,0,125.6,529.1,2.9,11.3,90.9,0.5
"JAMESSTARKS","RB","espn","James Starks","GB",12,52,"80.3",0,0,0,0,0,114.6,487.4,2.5,20.7,157.9,0.8
"DWAYNEWASHINGTON","RB","espn","Dwayne Washington","DET",13,53,"8.2",0,0,0,0,0,8.9,35.4,0.3,4.6,35.1,0.1
"SHAUNDRAUGHN","RB","espn","Shaun Draughn","SF",14,57,"78.5",0,0,0,0,0,85.1,324.1,1.9,42.5,309.3,1.1
"SPENCERWARE","RB","espn","Spencer Ware","KC",15,59,"77.2",0,0,0,0,0,99.3,437.4,4.8,7.4,55,0.2
"KADEEMCAREY","RB","espn","Ka'Deem Carey","CHI",16,63,"74.5",0,0,0,0,0,97.9,411.1,2.5,21.9,167.8,0.6
"CJSPILLER","RB","espn","C.J. Spiller","SEA",17,66,"71.8",0,0,0,0,0,50.8,219.2,1.2,47.6,350.2,1.5
"CHRISTHOMPSON","RB","espn","Chris Thompson","WAS",18,69,"70.2",0,0,0,0,0,47.4,212.5,1.1,43,355.9,1.5
"JORDANHOWARD","RB","espn","Jordan Howard","CHI",19,70,"69.9",0,0,0,0,0,98.3,397.5,3.3,13.8,102.9,0.4
"CJPROSISE","RB","espn","C.J. Prosise","SEA",20,80,"64.7",0,0,0,0,0,60.3,250,1.6,29.3,241.5,1.2
"DEANDREWASHINGTON","RB","espn","DeAndre Washington","OAK",21,83,"63.4",0,0,0,0,0,79.8,319.9,1.5,22.6,189.2,0.9
"DIONLEWIS","RB","espn","Dion Lewis","NE",22,84,"62.9",0,0,0,0,0,49.3,198.3,1.5,33.7,297.8,1.2
"TERRANCEWEST","RB","espn","Terrance West","BAL",23,85,"61.4",0,0,0,0,0,97.1,397.1,2.8,9.9,73.2,0.3
"JOHNKUHN","RB","espn","John Kuhn","NO",24,88,"6.7",0,0,0,0,0,7.8,25,0.5,2.4,17.8,0.2
"CHRISJOHNSON","RB","espn","Chris Johnson","ARZ",25,93,"58.6",0,0,0,0,0,100.6,428.7,2.7,2.1,15.4,0.1
"ALFREDMORRIS","RB","espn","Alfred Morris","DAL",26,95,"57.5",0,0,0,0,0,95,400.5,2.5,4,29.7,0.1
"ROBERTKELLEY","RB","espn","Robert Kelley","WAS",27,100,"55.8",0,0,0,0,0,99.6,396.4,2.4,4.3,32.4,0.1
"REGGIEBUSH","RB","espn","Reggie Bush","BUF",28,102,"54.8",0,0,0,0,0,69,291.9,1.8,16,119.7,0.6
"JAMESWHITE","RB","espn","James White","NE",29,105,"53.7",0,0,0,0,0,35.7,144.6,1.1,29.5,271.7,1.1
"TIMHIGHTOWER","RB","espn","Tim Hightower","NO",30,109,"51",0,0,0,0,0,70.4,276.4,2.7,10,72.9,0.3
"ROBERTTURBIN","RB","espn","Robert Turbin","IND",31,110,"50.9",0,0,0,0,0,63.8,255.3,1.2,17.6,143.3,0.8
"DARRENMCFADDEN","RB","espn","Darren McFadden","DAL",32,111,"5.9",0,0,0,0,0,8.1,32.3,0.2,2.5,18.9,0.1
"JHURELLPRESSLEY","RB","espn","Jhurell Pressley","GB",33,115,"5.6",0,0,0,0,0,12.1,47.8,0.3,0,0,0
"CHARCANDRICKWEST","RB","espn","Charcandrick West","KC",34,121,"48.9",0,0,0,0,0,54.7,220.7,2.5,13.3,105.6,0.4
"FOZZYWHITTAKER","RB","espn","Fozzy Whittaker","CAR",35,122,"48",0,0,0,0,0,67.5,275.3,1.7,11.4,85.1,0.4
"MIKETOLBERT","RB","espn","Mike Tolbert","CAR",36,125,"45.9",0,0,0,0,0,47.4,182.5,1.9,15.5,125.8,0.9
"TYLERERVIN","RB","espn","Tyler Ervin","HOU",37,131,"44.2",0,0,0,0,0,56.4,227,1.6,12.5,92.4,0.4
"BENJAMINCUNNINGHAM","RB","espn","Benjamin Cunningham","LA",38,132,"43.9",0,0,0,0,0,38.3,158.4,1.2,23.9,192.3,0.5
"PAULPERKINS","RB","espn","Paul Perkins","NYG",39,133,"43.1",0,0,0,0,0,66.7,282,1.8,5.8,44.5,0.2
"ANDREELLINGTON","RB","espn","Andre Ellington","ARZ",40,139,"41.8",0,0,0,0,0,41.9,175.7,1.1,16.6,143.5,0.7
"JONATHANWILLIAMS","RB","espn","Jonathan Williams","BUF",41,143,"4.7",0,0,0,0,0,9.2,34.9,0.3,0,0,0
"ORLEANSDARKWA","RB","espn","Orleans Darkwa","NYG",42,148,"39.8",0,0,0,0,0,63.7,270.5,1.8,3.1,24,0.1
"BRANDONBOLDEN","RB","espn","Brandon Bolden","NE",43,149,"39.6",0,0,0,0,0,53.9,220.8,1.8,8.4,62.5,0.3
"LANCEDUNBAR","RB","espn","Lance Dunbar","DAL",44,150,"39.5",0,0,0,0,0,30.2,131.2,0.8,21.1,186.6,0.7
"MIKEGILLISLEE","RB","espn","Mike Gillislee","BUF",45,153,"38.6",0,0,0,0,0,55.2,233.5,1.8,6.6,48.5,0.2
"JAVORIUSALLEN","RB","espn","Javorius Allen","BAL",46,157,"36.4",0,0,0,0,0,23.5,96.9,0.7,24.7,192.8,0.8
"ZACHZENNER","RB","espn","Zach Zenner","DET",47,159,"35.2",0,0,0,0,0,53.4,227.2,1.7,4.6,35.1,0.1
"ALFREDBLUE","RB","espn","Alfred Blue","HOU",48,196,"25.9",0,0,0,0,0,43.3,167,1.1,4.2,30.8,0.1
"MIKEDAVIS","RB","espn","Mike Davis","SF",49,205,"23.5",0,0,0,0,0,31.7,121.5,0.8,8.3,61.2,0.2
"ADRIANPETERSON","RB","espn","Adrian Peterson","MIN",50,207,"226.7",0,0,0,0,0,308.1,1427,10.6,30.5,235,0.7
"TODDGURLEY","RB","espn","Todd Gurley","LA",51,208,"225.2",0,0,0,0,0,297.8,1327.9,10.5,37.9,299.2,0.9
"DAVIDJOHNSON","RB","espn","David Johnson","ARZ",52,212,"217.8",0,0,0,0,0,251.5,1044.7,8.2,58.3,530.9,2.6
"LESEANMCCOY","RB","espn","LeSean McCoy","BUF",53,215,"206.7",0,0,0,0,0,266.8,1175.4,8.6,43,319.1,1.6
"LAMARMILLER","RB","espn","Lamar Miller","HOU",54,216,"206.2",0,0,0,0,0,281.8,1241,7.3,43.6,325,1.3
"EZEKIELELLIOTT","RB","espn","Ezekiel Elliott","DAL",55,217,"204.4",0,0,0,0,0,257.4,1126.8,8.5,42.8,361.4,1.5
"WENDELLSMALLWOOD","RB","espn","Wendell Smallwood","PHI",56,219,"20.9",0,0,0,0,0,28.8,114.2,0.9,6.5,48.6,0.2
"FITZGERALDTOUSSAINT","RB","espn","Fitzgerald Toussaint","PIT",57,222,"20.3",0,0,0,0,0,26,106.2,0.7,7.1,53.3,0.3
"DEVONTAFREEMAN","RB","espn","Devonta Freeman","ATL",58,225,"197.9",0,0,0,0,0,232.6,928.1,6.7,69,547.1,2.3
"LEVEONBELL","RB","espn","Le'Veon Bell","PIT",59,226,"196.7",0,0,0,0,0,215.8,945.8,6.4,56.2,486.1,2.5
"MARKINGRAM","RB","espn","Mark Ingram","NO",60,228,"191.9",0,0,0,0,0,234.7,982.4,8.5,51.1,354.6,1.6
"JOSHFERGUSON","RB","espn","Josh Ferguson","IND",61,230,"19.4",0,0,0,0,0,24.8,95.9,0.4,8.7,64.6,0.3
"DOUGMARTIN","RB","espn","Doug Martin","TB",62,231,"187.9",0,0,0,0,0,273,1215.8,6.6,32.3,251.7,1
"KENYANDRAKE","RB","espn","Kenyan Drake","MIA",63,238,"18.2",0,0,0,0,0,20.8,81.1,0.4,9.4,68,0.3
"CJANDERSON","RB","espn","C.J. Anderson","DEN",64,239,"178.6",0,0,0,0,0,242.3,1082.6,7.3,29.5,236.1,0.9
"JAMAALCHARLES","RB","espn","Jamaal Charles","KC",65,241,"175",0,0,0,0,0,185.6,949.5,7.2,39.5,332,1.8
"CARLOSHYDE","RB","espn","Carlos Hyde","SF",66,244,"171.3",0,0,0,0,0,256.3,1025.4,7.1,34,239.5,0.9
"TROYMAINEPOPE","RB","espn","Troymaine Pope","NYJ",67,245,"17.4",0,0,0,0,0,29.5,120.6,0.7,2.1,15.4,0.1
"DEMARCOMURRAY","RB","espn","DeMarco Murray","TEN",68,248,"168.1",0,0,0,0,0,226.7,988.8,7.6,29.6,226,0.8
"MATTFORTE","RB","espn","Matt Forte","NYJ",69,251,"166.7",0,0,0,0,0,209.2,865.6,4.9,52.5,436.2,1.7
"EDDIELACY","RB","espn","Eddie Lacy","GB",70,252,"165.7",0,0,0,0,0,236.8,1014.6,6.4,29.1,232.5,1.3
"LATAVIUSMURRAY","RB","espn","Latavius Murray","OAK",71,257,"160",0,0,0,0,0,230,976.7,5.5,33.4,238.9,1.7
"MARCELREECE","RB","espn","Marcel Reece","OAK",72,258,"16.8",0,0,0,0,0,8.4,27.6,0.3,11.8,85.3,0.8
"JEREMYLANGFORD","RB","espn","Jeremy Langford","CHI",73,265,"158.1",0,0,0,0,0,219.9,886.4,6.2,34.3,305.8,1.1
"JONATHANSTEWART","RB","espn","Jonathan Stewart","CAR",74,266,"156.9",0,0,0,0,0,237,1026.5,6.6,20.1,149.2,0.6
"JEREMYHILL","RB","espn","Jeremy Hill","CIN",75,267,"154.7",0,0,0,0,0,231.4,950.5,7.5,19,140.5,0.8
"FRANKGORE","RB","espn","Frank Gore","IND",76,269,"151.7",0,0,0,0,0,216.2,870.4,5.3,33.2,279.1,1.4
"AMEERABDULLAH","RB","espn","Ameer Abdullah","DET",77,274,"148.2",0,0,0,0,0,202.8,863.3,5.1,37.1,292.4,1.2
"RYANMATHEWS","RB","espn","Ryan Mathews","PHI",78,278,"144.9",0,0,0,0,0,210.7,957.3,6,22.7,168.4,0.5
"THOMASRAWLS","RB","espn","Thomas Rawls","SEA",79,279,"144.7",0,0,0,0,0,207.9,969.1,5.2,17,136.8,0.9
"DANNYWOODHEAD","RB","espn","Danny Woodhead","SD",80,284,"141.4",0,0,0,0,0,107.9,435.5,2.5,69.4,613.5,3.7
"RASHADJENNINGS","RB","espn","Rashad Jennings","NYG",81,285,"141.4",0,0,0,0,0,195.9,855.9,4.9,29.4,233.1,0.9
"ANTONIOANDREWS","RB","espn","Antonio Andrews","TEN",82,287,"14.6",0,0,0,0,0,20.3,82,0.6,3.5,26.8,0.1
"MELVINGORDON","RB","espn","Melvin Gordon","SD",83,292,"138.2",0,0,0,0,0,246.7,948.6,4.1,33.1,219.8,1.1
"GIOVANIBERNARD","RB","espn","Giovani Bernard","CIN",84,298,"135.8",0,0,0,0,0,152.8,657.7,4,49.5,406.4,1.3
"LEGARRETTEBLOUNT","RB","espn","LeGarrette Blount","NE",85,310,"131.1",0,0,0,0,0,211.8,909,6.5,4.4,32.6,0.2
"JONATHANGRIMES","RB","espn","Jonathan Grimes","HOU",86,312,"13.1",0,0,0,0,0,10.8,42.6,0.3,8.3,61.6,0.2
"ARIANFOSTER","RB","espn","Arian Foster","MIA",87,313,"128.5",0,0,0,0,0,157.2,667.5,4.7,35.5,290.9,1.5
"MATTJONES","RB","espn","Matt Jones","WAS",88,315,"126.3",0,0,0,0,0,200.2,796.2,4.6,21.7,211.4,0.9
"DERRICKHENRY","RB","espn","Derrick Henry","TEN",89,316,"125.3",0,0,0,0,0,157.2,668.4,6.7,21.1,173.9,0.7
"TJYELDON","RB","espn","T.J. Yeldon","JAC",90,332,"120.2",0,0,0,0,0,155.9,647.2,3.9,35.6,275.7,1.4
"ISAIAHCROWELL","RB","espn","Isaiah Crowell","CLE",91,333,"120.1",0,0,0,0,0,190.7,776.9,5,15.8,119.9,0.5
"KENJONBARNER","RB","espn","Kenjon Barner","PHI",92,335,"12.7",0,0,0,0,0,14.8,63,0.5,4.7,35.5,0.1
"CAMERONARTISPAYNE","RB","espn","Cameron Artis-Payne","CAR",93,337,"12.5",0,0,0,0,0,17.8,74.1,0.5,3.5,26.4,0.1
"CHRISIVORY","RB","espn","Chris Ivory","JAC",94,339,"119.8",0,0,0,0,0,164.6,720.5,5.2,20.2,143.1,0.8
"DUKEJOHNSON","RB","espn","Duke Johnson Jr.","CLE",95,350,"116.4",0,0,0,0,0,127.4,519.3,3.1,50.5,396.9,1.4
"CHARLESSIMS","RB","espn","Charles Sims","TB",96,355,"113.7",0,0,0,0,0,107.5,445.7,2.4,55.5,468.9,1.9
"THEORIDDICK","RB","espn","Theo Riddick","DET",97,363,"111.9",0,0,0,0,0,64,258,2,68.7,596.3,2.8
"JALENRICHARD","RB","espn","Jalen Richard","OAK",98,370,"11.1",0,0,0,0,0,18.8,75.2,0.5,2.6,19,0.1
"BILALPOWELL","RB","espn","Bilal Powell","NYJ",99,377,"107.7",0,0,0,0,0,132.8,546.5,2.8,40.8,320,1.3
"KENNETHDIXON","RB","espn","Kenneth Dixon","BAL",100,393,"101",0,0,0,0,0,133.1,571,3.5,24.6,210,0.8
"DJFOSTER","RB","espn","D.J. Foster","NE",101,397,"1.7",0,0,0,0,0,2,8.2,0.1,2.1,15.9,0.1
"STEVENJACKSON","RB","espn","Steven Jackson","NE",102,471,"0",0,0,0,0,0,0,0,0,0,0,0
"FREDJACKSON","RB","espn","Fred Jackson","SEA",103,472,"0",0,0,0,0,0,0,0,0,0,0,0
"MARSHAWNLYNCH","RB","espn","Marshawn Lynch","SEA",104,473,"0",0,0,0,0,0,0,0,0,0,0,0
"AHMADBRADSHAW","RB","espn","Ahmad Bradshaw","IND",105,474,"0",0,0,0,0,0,0,0,0,0,0,0
"PIERRETHOMAS","RB","espn","Pierre Thomas","WAS",106,475,"0",0,0,0,0,0,0,0,0,0,0,0
"RAYRICE","RB","espn","Ray Rice","FA",107,476,"0",0,0,0,0,0,0,0,0,0,0,0
"JEROMEFELTON","RB","espn","Jerome Felton","BUF",108,477,"0",0,0,0,0,0,0,0,0,0,0,0
"DONALDBROWN","RB","espn","Donald Brown","NE",109,478,"0",0,0,0,0,0,0,0,0,0,0,0
"JORVORSKIELANE","RB","espn","Jorvorskie Lane","TB",110,479,"0",0,0,0,0,0,0,0,0,0,0,0
"KNOWSHONMORENO","RB","espn","Knowshon Moreno","FA",111,480,"0",0,0,0,0,0,0,0,0,0,0,0
"CEDRICPEERMAN","RB","espn","Cedric Peerman","CIN",112,481,"0",0,0,0,0,0,0,0,0,0,0,0
"MARCUSTHIGPEN","RB","espn","Marcus Thigpen","BUF",113,482,"0",0,0,0,0,0,0,0,0,0,0,0
"DARRELYOUNG","RB","espn","Darrel Young","CHI",114,483,"0",0,0,0,0,0,0,0,0,0,0,0
"ANTONESMITH","RB","espn","Antone Smith","NYJ",115,484,"0",0,0,0,0,0,0,0,0,0,0,0
"DEXTERMCCLUSTER","RB","espn","Dexter McCluster","SD",116,485,"0",0,0,0,0,0,0,0,0,0,0,0
"BENTATE","RB","espn","Ben Tate","PIT",117,486,"0",0,0,0,0,0,0,0,0,0,0,0
"TOBYGERHART","RB","espn","Toby Gerhart","JAC",118,487,"0",0,0,0,0,0,0,0,0,0,0,0
"BOOBIEDIXON","RB","espn","Boobie Dixon","BUF",119,488,"0",0,0,0,0,0,0,0,0,0,0,0
"JOIQUEBELL","RB","espn","Joique Bell","CHI",120,489,"0",0,0,0,0,0,0,0,0,0,0,0
"MIKEWALLACE","WR","espn","Mike Wallace","BAL",1,1,"99.8",0,0,0,0,0,2,12.5,0.1,53.7,700.8,4.8
"PIERREGARCON","WR","espn","Pierre Garcon","WAS",2,2,"99.7",0,0,0,0,0,0,0,0,60.4,714.1,4.7
"TERRANCEWILLIAMS","WR","espn","Terrance Williams","DAL",3,6,"96.7",0,0,0,0,0,0,0,0,42.1,692.6,4.6
"DEVINFUNCHESS","WR","espn","Devin Funchess","CAR",4,7,"96.6",0,0,0,0,0,0,0,0,46.8,642.2,5.4
"PHILLIPDORSETT","WR","espn","Phillip Dorsett","IND",5,8,"96.4",0,0,0,0,0,5.3,33.3,0.1,49.9,644.8,4.8
"CHRISHOGAN","WR","espn","Chris Hogan","NE",6,13,"95.1",0,0,0,0,0,2,12.5,0.1,55.7,633.5,5.2
"KENNYSTILLS","WR","espn","Kenny Stills","MIA",7,14,"93.5",0,0,0,0,0,0,0,0,49.4,736.5,3.4
"KENNYBRITT","WR","espn","Kenny Britt","LA",8,18,"92.3",0,0,0,0,0,0,0,0,44.8,723.5,3.4
"MARKUSWHEATON","WR","espn","Markus Wheaton","PIT",9,20,"91.8",0,0,0,0,0,0,0,0,48.7,671.1,4
"ANQUANBOLDIN","WR","espn","Anquan Boldin","DET",10,30,"89.2",0,0,0,0,0,0,0,0,53.2,699.9,3.4
"TAJAESHARPE","WR","espn","Tajae Sharpe","TEN",11,31,"89",0,0,0,0,0,0,0,0,55,691.7,3.4
"TYLERBOYD","WR","espn","Tyler Boyd","CIN",12,38,"87.3",0,0,0,0,0,8.7,55.2,0.3,45.3,585.9,3.8
"RISHARDMATTHEWS","WR","espn","Rishard Matthews","TEN",13,43,"82.9",0,0,0,0,0,0,0,0,50.1,637,3.3
"KAMARAIKEN","WR","espn","Kamar Aiken","BAL",14,44,"82.8",0,0,0,0,0,0,0,0,49.6,612.5,3.7
"ELIROGERS","WR","espn","Eli Rogers","PIT",15,49,"81.8",0,0,0,0,0,0,0,0,54.8,607,3.5
"TEDGINN","WR","espn","Ted Ginn Jr.","CAR",16,54,"79.3",0,0,0,0,0,4.7,29.8,0.1,36.7,546.3,3.4
"TERRELLEPRYOR","WR","espn","Terrelle Pryor","CLE",17,55,"79",0,0,0,0,0,3.7,23.7,0.1,41.7,568.2,3.5
"ROBERTWOODS","WR","espn","Robert Woods","BUF",18,56,"78.8",0,0,0,0,0,2.3,14.2,0.1,47,553.9,3.8
"QUINTONPATTON","WR","espn","Quinton Patton","SF",19,61,"75.8",0,0,0,0,0,0,0,0,52.8,586,3
"JERMAINEKEARSE","WR","espn","Jermaine Kearse","SEA",20,64,"74.4",0,0,0,0,0,0,0,0,33.5,493.7,4.2
"BRAXTONMILLER","WR","espn","Braxton Miller","HOU",21,67,"71.4",0,0,0,0,0,8.7,54.9,0.2,46.8,507.8,2.4
"LAQUONTREADWELL","WR","espn","Laquon Treadwell","MIN",22,71,"69.5",0,0,0,0,0,0,0,0,39.8,541.6,2.6
"JAMISONCROWDER","WR","espn","Jamison Crowder","WAS",23,73,"68.8",0,0,0,0,0,1.9,12.1,0,51.5,482.7,3.1
"CHRISCONLEY","WR","espn","Chris Conley","KC",24,74,"67.8",0,0,0,0,0,0,0,0,44.8,499.1,3.2
"VICTORCRUZ","WR","espn","Victor Cruz","NYG",25,75,"67.6",0,0,0,0,0,0,0,0,36.3,506.5,2.9
"BRESHADPERRIMAN","WR","espn","Breshad Perriman","BAL",26,79,"64.8",0,0,0,0,0,0,0,0,32.7,471.9,3
"COLEBEASLEY","WR","espn","Cole Beasley","DAL",27,81,"64.2",0,0,0,0,0,0,0,0,48.6,486.4,2.8
"TYRELLWILLIAMS","WR","espn","Tyrell Williams","SD",28,86,"61.1",0,0,0,0,0,0,0,0,33.2,433,3
"KENDALLWRIGHT","WR","espn","Kendall Wright","TEN",29,87,"60.3",0,0,0,0,0,4.5,28.7,0.1,37.3,462.2,2
"SETHROBERTS","WR","espn","Seth Roberts","OAK",30,92,"58.9",0,0,0,0,0,0,0,0,33.9,397.1,3.3
"JOSHDOCTSON","WR","espn","Josh Doctson","WAS",31,97,"57.2",0,0,0,0,0,0,0,0,29.4,399,3.1
"MARQISELEE","WR","espn","Marqise Lee","JAC",32,98,"57.1",0,0,0,0,0,7.3,46.1,0.2,32.4,360.8,2.7
"DAVANTEADAMS","WR","espn","Davante Adams","GB",33,99,"56.8",0,0,0,0,0,0,0,0,33,373.5,3.3
"EDDIEROYAL","WR","espn","Eddie Royal","CHI",34,101,"55.4",0,0,0,0,0,2.2,14,0.1,37.4,399.8,2.3
"QUINCYENUNWA","WR","espn","Quincy Enunwa","NYJ",35,103,"54.8",0,0,0,0,0,0,0,0,31.2,378.3,3
"JAELENSTRONG","WR","espn","Jaelen Strong","HOU",36,106,"53.5",0,0,0,0,0,0,0,0,31.7,377.6,2.8
"DORIALGREENBECKHAM","WR","espn","Dorial Green-Beckham","PHI",37,107,"53.2",0,0,0,0,0,0,0,0,26.6,384.3,2.5
"BRANDONLAFELL","WR","espn","Brandon LaFell","CIN",38,119,"49.1",0,0,0,0,0,0,0,0,27.7,360,2.2
"ALBERTWILSON","WR","espn","Albert Wilson","KC",39,126,"45.8",0,0,0,0,0,3.8,24.1,0.2,26.9,334.6,1.6
"JJNELSON","WR","espn","J.J. Nelson","ARZ",40,127,"44.9",0,0,0,0,0,2.1,13,0.1,17.1,323.6,1.8
"RODSTREATER","WR","espn","Rod Streater","SF",41,129,"44.6",0,0,0,0,0,0,0,0,26.5,351.4,1.6
"NELSONAGHOLOR","WR","espn","Nelson Agholor","PHI",42,130,"44.5",0,0,0,0,0,0,0,0,27.3,339.6,1.9
"CHARLESJOHNSON","WR","espn","Charles Johnson","MIN",43,134,"42.6",0,0,0,0,0,0,0,0,22.5,321.5,1.8
"ADAMHUMPHRIES","WR","espn","Adam Humphries","TB",44,136,"42.4",0,0,0,0,0,0,0,0,30,276.8,2.2
"SAMMIECOATES","WR","espn","Sammie Coates","PIT",45,140,"41.1",0,0,0,0,0,0,0,0,21.7,284,2
"ERICWEEMS","WR","espn","Eric Weems","ATL",46,146,"4.2",0,0,0,0,0,0,0,0,1.9,23.3,0.1
"ADAMTHIELEN","WR","espn","Adam Thielen","MIN",47,154,"38",0,0,0,0,0,2.2,14,0.1,22.2,277.2,1.6
"PHAROHCOOPER","WR","espn","Pharoh Cooper","LA",48,156,"36.5",0,0,0,0,0,3.7,23.2,0.1,24.4,284.3,0.9
"LEONTECARROO","WR","espn","Leonte Carroo","MIA",49,161,"33",0,0,0,0,0,0,0,0,18.2,256.1,1.3
"ANDREJOHNSON","WR","espn","Andre Johnson","TEN",50,162,"32",0,0,0,0,0,0,0,0,18.5,234.7,1.5
"MALCOLMMITCHELL","WR","espn","Malcolm Mitchell","NE",51,165,"31",0,0,0,0,0,0,0,0,17.6,227.3,1.5
"DEVINHESTER","WR","espn","Devin Hester","BAL",52,168,"3.4",0,0,0,0,0,0,0,0,0,0,0
"ANTONIOBROWN","WR","espn","Antonio Brown","PIT",53,194,"252",0,0,0,0,0,3.9,25.2,0.1,134.5,1811.8,10.7
"JAREDABBREDERIS","WR","espn","Jared Abbrederis","GB",54,206,"23.3",0,0,0,0,0,0,0,0,12.3,157.7,1.4
"JULIOJONES","WR","espn","Julio Jones","ATL",55,213,"217",0,0,0,0,0,0,0,0,126.8,1755.5,7.3
"ODELLBECKHAM","WR","espn","Odell Beckham Jr.","NYG",56,218,"204.1",0,0,0,0,0,0,0,0,100.2,1498.1,9.3
"TYMONTGOMERY","WR","espn","Ty Montgomery","GB",57,220,"20.7",0,0,0,0,0,4,25.6,0.1,9.7,124.8,1
"DEANDREHOPKINS","WR","espn","DeAndre Hopkins","HOU",58,232,"186.2",0,0,0,0,0,0,0,0,97.3,1389.2,8.1
"ALLENROBINSON","WR","espn","Allen Robinson","JAC",59,234,"182",0,0,0,0,0,0,0,0,82.8,1317,8.5
"AJGREEN","WR","espn","A.J. Green","CIN",60,235,"180.7",0,0,0,0,0,0,0,0,87.7,1279.1,9
"BRANDONMARSHALL","WR","espn","Brandon Marshall","NYJ",61,240,"177.5",0,0,0,0,0,0,0,0,97.1,1272.5,8.6
"DEZBRYANT","WR","espn","Dez Bryant","DAL",62,242,"172.1",0,0,0,0,0,0,0,0,83.2,1186.3,9.1
"ALSHONJEFFERY","WR","espn","Alshon Jeffery","CHI",63,243,"171.9",0,0,0,0,0,0,0,0,88.3,1276.3,7.6
"JORDYNELSON","WR","espn","Jordy Nelson","GB",64,249,"167.9",0,0,0,0,0,0,0,0,79.6,1194.8,8.2
"MIKEEVANS","WR","espn","Mike Evans","TB",65,253,"164.3",0,0,0,0,0,0,0,0,78.2,1179.6,7.9
"SAMMYWATKINS","WR","espn","Sammy Watkins","BUF",66,254,"163.8",0,0,0,0,0,2.3,14.2,0.1,73.1,1164.5,7.6
"ERICDECKER","WR","espn","Eric Decker","NYJ",67,255,"163.6",0,0,0,0,0,0,0,0,86.7,1138.4,8.4
"TYHILTON","WR","espn","T.Y. Hilton","IND",68,256,"160.6",0,0,0,0,0,1.8,11.1,0,76,1193.6,6.8
"KEENANALLEN","WR","espn","Keenan Allen","SD",69,264,"158.4",0,0,0,0,0,0,0,0,106,1205.6,6.3
"AMARICOOPER","WR","espn","Amari Cooper","OAK",70,268,"152.2",0,0,0,0,0,3.8,23.7,0.1,81.4,1073,7.1
"BRANDINCOOKS","WR","espn","Brandin Cooks","NO",71,270,"151.6",0,0,0,0,0,7.8,48.5,0.3,88.1,1063.4,6.7
"RANDALLCOBB","WR","espn","Randall Cobb","GB",72,272,"149.7",0,0,0,0,0,16.2,73.9,0.4,82.3,973,7.1
"JEREMYMACLIN","WR","espn","Jeremy Maclin","KC",73,273,"148.4",0,0,0,0,0,3.8,24.1,0.2,85.9,1152.8,5.2
"JARVISLANDRY","WR","espn","Jarvis Landry","MIA",74,275,"147.8",0,0,0,0,0,14.2,59.4,0.4,106.3,1054.6,5.6
"DEMARYIUSTHOMAS","WR","espn","Demaryius Thomas","DEN",75,277,"145",0,0,0,0,0,0,0,0,83.8,1079.8,6.4
"DONTEMONCRIEF","WR","espn","Donte Moncrief","IND",76,280,"142.6",0,0,0,0,0,0,0,0,78.7,970.1,7.7
"DOUGBALDWIN","WR","espn","Doug Baldwin","SEA",77,286,"141.4",0,0,0,0,0,0,0,0,75.2,996.6,7
"KELVINBENJAMIN","WR","espn","Kelvin Benjamin","CAR",78,290,"139.7",0,0,0,0,0,0,0,0,66.5,896.6,8.4
"GOLDENTATE","WR","espn","Golden Tate","DET",79,291,"138.4",0,0,0,0,0,7.1,45.4,0.2,87.3,1025,5.1
"LARRYFITZGERALD","WR","espn","Larry Fitzgerald","ARZ",80,294,"137.2",0,0,0,0,0,0,0,0,84.4,967.8,6.9
"JULIANEDELMAN","WR","espn","Julian Edelman","NE",81,295,"136.9",0,0,0,0,0,8,49.8,0.2,86.3,921.4,6.5
"MARVINJONES","WR","espn","Marvin Jones","DET",82,296,"136",0,0,0,0,0,0,0,0,72,1028,5.7
"MICHAELFLOYD","WR","espn","Michael Floyd","ARZ",83,299,"135.7",0,0,0,0,0,0,0,0,61,960,6.8
"JOHNBROWN","WR","espn","John Brown","ARZ",84,300,"135.7",0,0,0,0,0,4.2,26,0.1,64.8,978.4,6
"EMMANUELSANDERS","WR","espn","Emmanuel Sanders","DEN",85,304,"132.7",0,0,0,0,0,4.3,27,0.1,74.8,1032.9,4.4
"DESEANJACKSON","WR","espn","DeSean Jackson","WAS",86,309,"132",0,0,0,0,0,0,0,0,58.7,1038.7,4.8
"TYLERLOCKETT","WR","espn","Tyler Lockett","SEA",87,320,"124.7",0,0,0,0,0,4.5,28.4,0.1,54.6,822,5.7
"MICHAELCRABTREE","WR","espn","Michael Crabtree","OAK",88,321,"124.6",0,0,0,0,0,0,0,0,72.5,824.8,7.1
"TORREYSMITH","WR","espn","Torrey Smith","SF",89,324,"123",0,0,0,0,0,0,0,0,57.1,964.1,4.5
"JORDANMATTHEWS","WR","espn","Jordan Matthews","PHI",90,327,"121.8",0,0,0,0,0,0,0,0,75,912,5.3
"MICHAELTHOMAS","WR","espn","Michael Thomas","NO",91,359,"113.3",0,0,0,0,0,0,0,0,58.7,776.8,6.1
"STERLINGSHEPARD","WR","espn","Sterling Shepard","NYG",92,360,"113",0,0,0,0,0,0,0,0,67.7,846.1,4.9
"WILLIESNEAD","WR","espn","Willie Snead","NO",93,361,"112",0,0,0,0,0,0,0,0,68.1,866.5,4.4
"VINCENTJACKSON","WR","espn","Vincent Jackson","TB",94,364,"111.5",0,0,0,0,0,0,0,0,52.4,801.2,5.2
"KEVINWHITE","WR","espn","Kevin White","CHI",95,365,"111.2",0,0,0,0,0,0,0,0,57.7,838.4,4.7
"TAVONAUSTIN","WR","espn","Tavon Austin","LA",96,374,"109.1",0,0,0,0,0,43.1,219.3,1.5,65,626.4,2.4
"WILLFULLERV","WR","espn","Will Fuller V","HOU",97,375,"108.5",0,0,0,0,0,2.2,13.7,0.1,49.7,782.3,4.9
"STEFONDIGGS","WR","espn","Stefon Diggs","MIN",98,376,"108",0,0,0,0,0,4.4,28,0.2,66.3,817.8,4.1
"MOHAMEDSANU","WR","espn","Mohamed Sanu","ATL",99,378,"106.5",0,0,0,0,0,5.8,36.3,0.2,65.2,768,4.4
"ALLENHURNS","WR","espn","Allen Hurns","JAC",100,379,"106.4",0,0,0,0,0,0,0,0,55.6,764.5,5.2
"DEVANTEPARKER","WR","espn","DeVante Parker","MIA",101,382,"105.9",0,0,0,0,0,0,0,0,53.2,780.7,4.7
"TRAVISBENJAMIN","WR","espn","Travis Benjamin","SD",102,383,"105.8",0,0,0,0,0,0,0,0,52.5,780.5,4.2
"STEVESMITH","WR","espn","Steve Smith Sr.","BAL",103,387,"104.6",0,0,0,0,0,0,0,0,58,812.6,4
"JOSHGORDON","WR","espn","Josh Gordon","CLE",104,390,"103.2",0,0,0,0,0,0,0,0,52.2,806.1,3.9
"COREYCOLEMAN","WR","espn","Corey Coleman","CLE",105,392,"102.8",0,0,0,0,0,3.7,23.7,0.1,63.5,770.6,3.7
"JERRICHOCOTCHERY","WR","espn","Jerricho Cotchery","CAR",106,490,"0",0,0,0,0,0,0,0,0,0,0,0
"WESWELKER","WR","espn","Wes Welker","LA",107,491,"0",0,0,0,0,0,0,0,0,0,0,0
"RODDYWHITE","WR","espn","Roddy White","ATL",108,492,"0",0,0,0,0,0,0,0,0,0,0,0
"JOSHUACRIBBS","WR","espn","Joshua Cribbs","IND",109,493,"0",0,0,0,0,0,0,0,0,0,0,0
"NATEWASHINGTON","WR","espn","Nate Washington","NE",110,494,"0",0,0,0,0,0,0,0,0,0,0,0
"LANCEMOORE","WR","espn","Lance Moore","ATL",111,495,"0",0,0,0,0,0,0,0,0,0,0,0
"GREGJENNINGS","WR","espn","Greg Jennings","MIA",112,496,"0",0,0,0,0,0,0,0,0,0,0,0
"DEREKHAGAN","WR","espn","Derek Hagan","TEN",113,497,"0",0,0,0,0,0,0,0,0,0,0,0
"JASONAVANT","WR","espn","Jason Avant","KC",114,498,"0",0,0,0,0,0,0,0,0,0,0,0
"MARQUESCOLSTON","WR","espn","Marques Colston","NO",115,499,"0",0,0,0,0,0,0,0,0,0,0,0
"MILESAUSTIN","WR","espn","Miles Austin","PHI",116,500,"0",0,0,0,0,0,0,0,0,0,0,0
"CALVINJOHNSON","WR","espn","Calvin Johnson","DET",117,501,"0",0,0,0,0,0,0,0,0,0,0,0
"DWAYNEBOWE","WR","espn","Dwayne Bowe","CLE",118,502,"0",0,0,0,0,0,0,0,0,0,0,0
"JACOBYJONES","WR","espn","Jacoby Jones","PIT",119,503,"0",0,0,0,0,0,0,0,0,0,0,0
"JAMESJONES","WR","espn","James Jones","SD",120,504,"0",0,0,0,0,0,0,0,0,0,0,0
"ZACHMILLER","TE","espn","Zach Miller","CHI",1,10,"95.7",0,0,0,0,0,0,0,0,64,695.1,4.5
"JIMMYGRAHAM","TE","espn","Jimmy Graham","SEA",2,16,"92.5",0,0,0,0,0,0,0,0,46.2,561.2,6.1
"ERICEBRON","TE","espn","Eric Ebron","DET",3,22,"90.9",0,0,0,0,0,0,0,0,58.6,642.1,4.5
"CLIVEWALFORD","TE","espn","Clive Walford","OAK",4,25,"90.2",0,0,0,0,0,0,0,0,50.1,554.8,5.9
"JAREDCOOK","TE","espn","Jared Cook","GB",5,26,"90.1",0,0,0,0,0,0,0,0,47.9,594.1,5.2
"JIMDRAY","TE","espn","Jim Dray","BUF",6,28,"9.5",0,0,0,0,0,0,0,0,5.8,62.4,0.6
"MARTELLUSBENNETT","TE","espn","Martellus Bennett","NE",7,34,"88.2",0,0,0,0,0,0,0,0,56.2,553.3,5.7
"CHARLESCLAY","TE","espn","Charles Clay","BUF",8,36,"87.4",0,0,0,0,0,0,0,0,57.5,614.7,4.4
"DWAYNEALLEN","TE","espn","Dwayne Allen","IND",9,39,"86.7",0,0,0,0,0,0,0,0,50.8,551.6,5.3
"TYLEREIFERT","TE","espn","Tyler Eifert","CIN",10,41,"85.5",0,0,0,0,0,0,0,0,50,568.9,4.9
"JORDANCAMERON","TE","espn","Jordan Cameron","MIA",11,58,"77.3",0,0,0,0,0,0,0,0,45.4,548.7,3.9
"KYLERUDOLPH","TE","espn","Kyle Rudolph","MIN",12,60,"76.2",0,0,0,0,0,0,0,0,50.3,525.8,4
"LARRYDONNELL","TE","espn","Larry Donnell","NYG",13,65,"72",0,0,0,0,0,0,0,0,42.7,438.3,4.9
"VANCEMCDONALD","TE","espn","Vance McDonald","SF",14,77,"66.8",0,0,0,0,0,0,0,0,41.7,490.8,3
"AUSTINSEFERIANJENKINS","TE","espn","Austin Seferian-Jenkins","NYJ",15,82,"63.9",0,0,0,0,0,0,0,0,35.2,439.6,3.5
"DAVIDJOHNSON","TE","espn","David Johnson","PIT",16,89,"6.4",0,0,0,0,0,0,0,0,3.8,41.6,0.4
"SEANMCGRATH","TE","espn","Sean McGrath","SD",17,91,"6.2",0,0,0,0,0,0,0,0,4,43.6,0.4
"VIRGILGREEN","TE","espn","Virgil Green","DEN",18,94,"57.7",0,0,0,0,0,0,0,0,45.3,398.7,3.1
"JACOBTAMME","TE","espn","Jacob Tamme","ATL",19,96,"57.4",0,0,0,0,0,0,0,0,43,435.9,2.4
"CROCKETTGILLMORE","TE","espn","Crockett Gillmore","BAL",20,108,"52",0,0,0,0,0,0,0,0,35,365.7,2.7
"DENNISPITTA","TE","espn","Dennis Pitta","BAL",21,112,"5.9",0,0,0,0,0,0,0,0,3.9,41.7,0.3
"MARQUEISGRAY","TE","espn","MarQueis Gray","MIA",22,113,"5.9",0,0,0,0,0,0,0,0,3.9,41.4,0.3
"JOHNPHILLIPS","TE","espn","John Phillips","DEN",23,114,"5.8",0,0,0,0,0,0,0,0,3.8,40.6,0.3
"TROYNIKLAS","TE","espn","Troy Niklas","ARZ",24,116,"5.5",0,0,0,0,0,0,0,0,3.7,39.7,0.4
"LADARIUSGREEN","TE","espn","Ladarius Green","PIT",25,118,"49.2",0,0,0,0,0,0,0,0,26,336.9,2.6
"MAXXWILLIAMS","TE","espn","Maxx Williams","BAL",26,120,"49.1",0,0,0,0,0,0,0,0,36,333,2.7
"JOSHHILL","TE","espn","Josh Hill","NO",27,124,"46.8",0,0,0,0,0,0,0,0,31.8,308.3,2.8
"WILLTYE","TE","espn","Will Tye","NYG",28,128,"44.8",0,0,0,0,0,0,0,0,27.7,282.5,2.8
"AUSTINHOOPER","TE","espn","Austin Hooper","ATL",29,135,"42.5",0,0,0,0,0,0,0,0,28,303.8,2.1
"CAMERONBRATE","TE","espn","Cameron Brate","TB",30,137,"42.1",0,0,0,0,0,0,0,0,25.3,282.2,2.4
"JESSEJAMES","TE","espn","Jesse James","PIT",31,138,"41.9",0,0,0,0,0,0,0,0,25.1,264.4,2.6
"LUKESTOCKER","TE","espn","Luke Stocker","TB",32,141,"4.9",0,0,0,0,0,0,0,0,3.5,36.7,0.3
"GREGSCRUGGS","TE","espn","Greg Scruggs","NE",33,144,"4.7",0,0,0,0,0,0,0,0,3.5,37.8,0.3
"TYLERHIGBEE","TE","espn","Tyler Higbee","LA",34,147,"39.9",0,0,0,0,0,0,0,0,26.3,306.8,1.7
"HUNTERHENRY","TE","espn","Hunter Henry","SD",35,151,"38.9",0,0,0,0,0,0,0,0,24.6,265.1,2.2
"DARRENFELLS","TE","espn","Darren Fells","ARZ",36,152,"38.7",0,0,0,0,0,0,0,0,21.5,237,2.6
"LANCEKENDRICKS","TE","espn","Lance Kendricks","LA",37,155,"37.2",0,0,0,0,0,0,0,0,28,286.3,1.5
"GARRETTCELEK","TE","espn","Garrett Celek","SF",38,158,"36.2",0,0,0,0,0,0,0,0,25.3,262.5,1.7
"CJFIEDOROWICZ","TE","espn","C.J. Fiedorowicz","HOU",39,164,"31.5",0,0,0,0,0,0,0,0,23,207.4,1.9
"RICHARDRODGERS","TE","espn","Richard Rodgers","GB",40,167,"30.2",0,0,0,0,0,0,0,0,18.8,187.7,2
"JAMESHANNA","TE","espn","James Hanna","DAL",41,169,"3.4",0,0,0,0,0,0,0,0,2.2,24.4,0.2
"CLAYHARBOR","TE","espn","Clay Harbor","NE",42,170,"3.2",0,0,0,0,0,0,0,0,1.9,21.2,0.2
"ANDREWQUARLESS","TE","espn","Andrew Quarless","DET",43,171,"3",0,0,0,0,0,0,0,0,2,22.1,0.2
"JERMAINEGRESHAM","TE","espn","Jermaine Gresham","ARZ",44,174,"29.6",0,0,0,0,0,0,0,0,20.3,192.6,1.9
"RYANGRIFFIN","TE","espn","Ryan Griffin","HOU",45,175,"29.2",0,0,0,0,0,0,0,0,17.4,205.1,1.5
"BRENTCELEK","TE","espn","Brent Celek","PHI",46,179,"28.5",0,0,0,0,0,0,0,0,16.8,212.5,1.3
"MYCHALRIVERA","TE","espn","Mychal Rivera","OAK",47,181,"28.4",0,0,0,0,0,0,0,0,17.8,182.7,1.8
"ANTHONYFASANO","TE","espn","Anthony Fasano","TEN",48,183,"27.6",0,0,0,0,0,0,0,0,15.4,170.9,1.7
"NILESPAUL","TE","espn","Niles Paul","WAS",49,192,"26",0,0,0,0,0,0,0,0,15.3,184.8,1.3
"LUKEWILLSON","TE","espn","Luke Willson","SEA",50,200,"24.1",0,0,0,0,0,0,0,0,13.3,167,1.3
"MARCEDESLEWIS","TE","espn","Marcedes Lewis","JAC",51,204,"23.9",0,0,0,0,0,0,0,0,12.7,155,1.5
"DIONSIMS","TE","espn","Dion Sims","MIA",52,211,"22.5",0,0,0,0,0,0,0,0,15.7,156.1,1.3
"TREYBURTON","TE","espn","Trey Burton","PHI",53,214,"21.3",0,0,0,0,0,0,0,0,13.6,150.4,1
"EDDICKSON","TE","espn","Ed Dickson","CAR",54,221,"20.7",0,0,0,0,0,0,0,0,13,141.8,1.1
"LEVINETOILOLO","TE","espn","Levine Toilolo","ATL",55,223,"2.9",0,0,0,0,0,0,0,0,2.1,22.1,0.2
"BRANDONMYERS","TE","espn","Brandon Myers","TB",56,224,"2",0,0,0,0,0,0,0,0,1.7,18.3,0.2
"JACKDOYLE","TE","espn","Jack Doyle","IND",57,229,"19.9",0,0,0,0,0,0,0,0,11.4,124,1.3
"VERNONDAVIS","TE","espn","Vernon Davis","WAS",58,236,"18.7",0,0,0,0,0,0,0,0,11.5,125.6,1.1
"GAVINESCOBAR","TE","espn","Gavin Escobar","DAL",59,246,"17.3",0,0,0,0,0,0,0,0,10.6,115.4,1
"KELLENDAVIS","TE","espn","Kellen Davis","NYJ",60,247,"17.1",0,0,0,0,0,0,0,0,10.8,118.5,1
"ROBGRONKOWSKI","TE","espn","Rob Gronkowski","NE",61,250,"167.4",0,0,0,0,0,0,0,0,76.5,1118.9,9.3
"LOGANPAULSEN","TE","espn","Logan Paulsen","CHI",62,262,"16",0,0,0,0,0,0,0,0,10.4,113.3,0.8
"JORDANREED","TE","espn","Jordan Reed","WAS",63,282,"141.8",0,0,0,0,0,0,0,0,90,926.7,8.6
"DEMETRIUSHARRIS","TE","espn","Demetrius Harris","KC",64,288,"14.5",0,0,0,0,0,0,0,0,9.8,107,0.8
"GREGOLSEN","TE","espn","Greg Olsen","CAR",65,302,"134.3",0,0,0,0,0,0,0,0,75.6,963.1,6.4
"DELANIEWALKER","TE","espn","Delanie Walker","TEN",66,319,"124.8",0,0,0,0,0,0,0,0,72.1,890.2,5.9
"COBYFLEENER","TE","espn","Coby Fleener","NO",67,331,"120.7",0,0,0,0,0,0,0,0,69.6,801.1,6.7
"BRANDONPETTIGREW","TE","espn","Brandon Pettigrew","DET",68,338,"12",0,0,0,0,0,0,0,0,7.6,84.9,0.7
"TRAVISKELCE","TE","espn","Travis Kelce","KC",69,349,"116.5",0,0,0,0,0,0,0,0,80.7,881.9,5
"GARYBARNIDGE","TE","espn","Gary Barnidge","CLE",70,353,"115.6",0,0,0,0,0,0,0,0,66.6,837.9,5.5
"LEESMITH","TE","espn","Lee Smith","OAK",71,368,"11.9",0,0,0,0,0,0,0,0,7.1,77.2,0.8
"RHETTELLISON","TE","espn","Rhett Ellison","MIN",72,369,"11.2",0,0,0,0,0,0,0,0,7.3,81.2,0.5
"BRANDONBOSTICK","TE","espn","Brandon Bostick","NYJ",73,371,"11.1",0,0,0,0,0,0,0,0,7.2,79,0.7
"JASONWITTEN","TE","espn","Jason Witten","DAL",74,380,"106.4",0,0,0,0,0,0,0,0,73.4,769.1,5.1
"JULIUSTHOMAS","TE","espn","Julius Thomas","JAC",75,381,"106",0,0,0,0,0,0,0,0,62.6,672.5,6.5
"ANTONIOGATES","TE","espn","Antonio Gates","SD",76,385,"105.5",0,0,0,0,0,0,0,0,60.9,707.9,5.9
"ZACHERTZ","TE","espn","Zach Ertz","PHI",77,389,"104.1",0,0,0,0,0,0,0,0,64.1,761.6,4.7
"PHILLIPSUPERNAW","TE","espn","Phillip Supernaw","TEN",78,395,"1.8",0,0,0,0,0,0,0,0,1.5,17.3,0.1
"JACEAMARO","TE","espn","Jace Amaro","TEN",79,396,"1.8",0,0,0,0,0,0,0,0,1.5,17.3,0.1
"BRANDONWILLIAMS","TE","espn","Brandon Williams","SEA",80,405,"0.4",0,0,0,0,0,0,0,0,0.6,6.2,0.1
"KELLENWINSLOW","TE","espn","Kellen Winslow","NYJ",81,505,"0",0,0,0,0,0,0,0,0,0,0,0
"BENJAMINWATSON","TE","espn","Benjamin Watson","BAL",82,506,"0",0,0,0,0,0,0,0,0,0,0,0
"ALEXSMITH","TE","espn","Alex Smith","WAS",83,507,"0",0,0,0,0,0,0,0,0,0,0,0
"OWENDANIELS","TE","espn","Owen Daniels","DEN",84,508,"0",0,0,0,0,0,0,0,0,0,0,0
"DANIELFELLS","TE","espn","Daniel Fells","NYG",85,509,"0",0,0,0,0,0,0,0,0,0,0,0
"MATTSPAETH","TE","espn","Matt Spaeth","PIT",86,510,"0",0,0,0,0,0,0,0,0,0,0,0
"SCOTTCHANDLER","TE","espn","Scott Chandler","NE",87,511,"0",0,0,0,0,0,0,0,0,0,0,0
"CLARKHARRIS","TE","espn","Clark Harris","CIN",88,512,"0",0,0,0,0,0,0,0,0,0,0,0
"FREDDAVIS","TE","espn","Fred Davis","WAS",89,513,"0",0,0,0,0,0,0,0,0,0,0,0
"CRAIGSTEVENS","TE","espn","Craig Stevens","TEN",90,514,"0",0,0,0,0,0,0,0,0,0,0,0
"MATTHEWMULLIGAN","TE","espn","Matthew Mulligan","DET",91,515,"0",0,0,0,0,0,0,0,0,0,0,0
"JAMESCASEY","TE","espn","James Casey","DEN",92,516,"0",0,0,0,0,0,0,0,0,0,0,0
"CHASECOFFMAN","TE","espn","Chase Coffman","IND",93,517,"0",0,0,0,0,0,0,0,0,0,0,0
"BEARPASCOE","TE","espn","Bear Pascoe","NE",94,518,"0",0,0,0,0,0,0,0,0,0,0,0
"TONYMOEAKI","TE","espn","Tony Moeaki","CHI",95,519,"0",0,0,0,0,0,0,0,0,0,0,0
"GARRETTGRAHAM","TE","espn","Garrett Graham","DEN",96,520,"0",0,0,0,0,0,0,0,0,0,0,0
"MICHAELHOOMANAWANUI","TE","espn","Michael Hoomanawanui","NO",97,521,"0",0,0,0,0,0,0,0,0,0,0,0
"ANTHONYMCCOY","TE","espn","Anthony McCoy","SEA",98,522,"0",0,0,0,0,0,0,0,0,0,0,0
"RICHIEBROCKEL","TE","espn","Richie Brockel","CAR",99,523,"0",0,0,0,0,0,0,0,0,0,0,0
"JEFFCUMBERLAND","TE","espn","Jeff Cumberland","SD",100,524,"0",0,0,0,0,0,0,0,0,0,0,0
"ROBHOUSLER","TE","espn","Rob Housler","CHI",101,525,"0",0,0,0,0,0,0,0,0,0,0,0
"BRUCEMILLER","TE","espn","Bruce Miller","SF",102,526,"0",0,0,0,0,0,0,0,0,0,0,0
"DAVIDAUSBERRY","TE","espn","David Ausberry","DET",103,527,"0",0,0,0,0,0,0,0,0,0,0,0
"DJWILLIAMS","TE","espn","D.J. Williams","WAS",104,528,"0",0,0,0,0,0,0,0,0,0,0,0
"ORSONCHARLES","TE","espn","Orson Charles","DET",105,529,"0",0,0,0,0,0,0,0,0,0,0,0
"DOMINIQUEJONES","TE","espn","Dominique Jones","MIA",106,530,"0",0,0,0,0,0,0,0,0,0,0,0
"DEREKCARRIER","TE","espn","Derek Carrier","WAS",107,531,"0",0,0,0,0,0,0,0,0,0,0,0
"CHASEFORD","TE","espn","Chase Ford","BAL",108,532,"0",0,0,0,0,0,0,0,0,0,0,0
"COOPERHELFET","TE","espn","Cooper Helfet","SEA",109,533,"0",0,0,0,0,0,0,0,0,0,0,0
"IFEANYIMOMAH","TE","espn","Ifeanyi Momah","ARZ",110,534,"0",0,0,0,0,0,0,0,0,0,0,0
"MICHAELWILLIAMS","TE","espn","Michael Williams","NE",111,535,"0",0,0,0,0,0,0,0,0,0,0,0
"CHRISGRAGG","TE","espn","Chris Gragg","BUF",112,536,"0",0,0,0,0,0,0,0,0,0,0,0
"JUSTICECUNNINGHAM","TE","espn","Justice Cunningham","LA",113,537,"0",0,0,0,0,0,0,0,0,0,0,0
"CHRISPANTALE","TE","espn","Chris Pantale","PHI",114,538,"0",0,0,0,0,0,0,0,0,0,0,0
"TIMOTHYWRIGHT","TE","espn","Timothy Wright","DET",115,539,"0",0,0,0,0,0,0,0,0,0,0,0
"ZACHSUDFELD","TE","espn","Zach Sudfeld","NYJ",116,540,"0",0,0,0,0,0,0,0,0,0,0,0
"JAKESTONEBURNER","TE","espn","Jake Stoneburner","LA",117,541,"0",0,0,0,0,0,0,0,0,0,0,0
"BRIANLEONHARDT","TE","espn","Brian Leonhardt","MIN",118,542,"0",0,0,0,0,0,0,0,0,0,0,0
"MARCELJENSEN","TE","espn","Marcel Jensen","WAS",119,543,"0",0,0,0,0,0,0,0,0,0,0,0
"ASANTECLEVELAND","TE","espn","Asante Cleveland","SD",120,544,"0",0,0,0,0,0,0,0,0,0,0,0
"GREGZUERLEIN","K","espn","Greg Zuerlein","LA",1,5,"96.8",NA,NA,NA,NA,NA,NA,NA,NA,NA,NA,NA
"STEPHENGOSTKOWSKI","K","espn","Stephen Gostkowski","NE",2,276,"146.5",NA,NA,NA,NA,NA,NA,NA,NA,NA,NA,NA
"ADAMVINATIERI","K","espn","Adam Vinatieri","IND",3,281,"142",NA,NA,NA,NA,NA,NA,NA,NA,NA,NA,NA
"STEVENHAUSCHKA","K","espn","Steven Hauschka","SEA",4,289,"139.8",NA,NA,NA,NA,NA,NA,NA,NA,NA,NA,NA
"BLAIRWALSH","K","espn","Blair Walsh","MIN",5,293,"137.3",NA,NA,NA,NA,NA,NA,NA,NA,NA,NA,NA
"JOSHBROWN","K","espn","Josh Brown","NYG",6,297,"135.9",NA,NA,NA,NA,NA,NA,NA,NA,NA,NA,NA
"ROBERTOAGUAYO","K","espn","Roberto Aguayo","TB",7,301,"135.3",NA,NA,NA,NA,NA,NA,NA,NA,NA,NA,NA
"DANBAILEY","K","espn","Dan Bailey","DAL",8,303,"134.2",NA,NA,NA,NA,NA,NA,NA,NA,NA,NA,NA
"CHRISBOSWELL","K","espn","Chris Boswell","PIT",9,305,"132.6",NA,NA,NA,NA,NA,NA,NA,NA,NA,NA,NA
"JUSTINTUCKER","K","espn","Justin Tucker","BAL",10,306,"132.4",NA,NA,NA,NA,NA,NA,NA,NA,NA,NA,NA
"MASONCROSBY","K","espn","Mason Crosby","GB",11,308,"132.1",NA,NA,NA,NA,NA,NA,NA,NA,NA,NA,NA
"GRAHAMGANO","K","espn","Graham Gano","CAR",12,314,"126.8",NA,NA,NA,NA,NA,NA,NA,NA,NA,NA,NA
"MATTPRATER","K","espn","Matt Prater","DET",13,317,"125.2",NA,NA,NA,NA,NA,NA,NA,NA,NA,NA,NA
"CHANDLERCATANZARO","K","espn","Chandler Catanzaro","ARZ",14,318,"125.1",NA,NA,NA,NA,NA,NA,NA,NA,NA,NA,NA
"JASONMYERS","K","espn","Jason Myers","JAC",15,322,"123.2",NA,NA,NA,NA,NA,NA,NA,NA,NA,NA,NA
"NICKNOVAK","K","espn","Nick Novak","HOU",16,326,"122.1",NA,NA,NA,NA,NA,NA,NA,NA,NA,NA,NA
"MATTBRYANT","K","espn","Matt Bryant","ATL",17,328,"121.6",NA,NA,NA,NA,NA,NA,NA,NA,NA,NA,NA
"CAIROSANTOS","K","espn","Cairo Santos","KC",18,330,"120.8",NA,NA,NA,NA,NA,NA,NA,NA,NA,NA,NA
"DUSTINHOPKINS","K","espn","Dustin Hopkins","WAS",19,340,"119.7",NA,NA,NA,NA,NA,NA,NA,NA,NA,NA,NA
"DANCARPENTER","K","espn","Dan Carpenter","BUF",20,341,"118.2",NA,NA,NA,NA,NA,NA,NA,NA,NA,NA,NA
"JOSHLAMBO","K","espn","Josh Lambo","SD",21,342,"117.8",NA,NA,NA,NA,NA,NA,NA,NA,NA,NA,NA
"MIKENUGENT","K","espn","Mike Nugent","CIN",22,344,"117.5",NA,NA,NA,NA,NA,NA,NA,NA,NA,NA,NA
"BRANDONMCMANUS","K","espn","Brandon McManus","DEN",23,345,"117.1",NA,NA,NA,NA,NA,NA,NA,NA,NA,NA,NA
"NICKFOLK","K","espn","Nick Folk","NYJ",24,346,"116.9",NA,NA,NA,NA,NA,NA,NA,NA,NA,NA,NA
"SEBASTIANJANIKOWSKI","K","espn","Sebastian Janikowski","OAK",25,347,"116.8",NA,NA,NA,NA,NA,NA,NA,NA,NA,NA,NA
"WILLUTZ","K","espn","Wil Lutz","NO",26,348,"116.7",NA,NA,NA,NA,NA,NA,NA,NA,NA,NA,NA
"CONNORBARTH","K","espn","Connor Barth","CHI",27,352,"115.7",NA,NA,NA,NA,NA,NA,NA,NA,NA,NA,NA
"PATRICKMURRAY","K","espn","Patrick Murray","CLE",28,366,"110.6",NA,NA,NA,NA,NA,NA,NA,NA,NA,NA,NA
"PHILDAWSON","K","espn","Phil Dawson","SF",29,367,"110.1",NA,NA,NA,NA,NA,NA,NA,NA,NA,NA,NA
"ANDREWFRANKS","K","espn","Andrew Franks","MIA",30,372,"109.6",NA,NA,NA,NA,NA,NA,NA,NA,NA,NA,NA
"RYANSUCCOP","K","espn","Ryan Succop","TEN",31,373,"109.4",NA,NA,NA,NA,NA,NA,NA,NA,NA,NA,NA
"CALEBSTURGIS","K","espn","Caleb Sturgis","PHI",32,386,"105.1",NA,NA,NA,NA,NA,NA,NA,NA,NA,NA,NA
"JAYFEELY","K","espn","Jay Feely","FA",33,545,"0",NA,NA,NA,NA,NA,NA,NA,NA,NA,NA,NA
"SHAYNEGRAHAM","K","espn","Shayne Graham","ATL",34,546,"0",NA,NA,NA,NA,NA,NA,NA,NA,NA,NA,NA
"BILLYCUNDIFF","K","espn","Billy Cundiff","CLE",35,547,"0",NA,NA,NA,NA,NA,NA,NA,NA,NA,NA,NA
"JOSHSCOBEE","K","espn","Josh Scobee","NO",36,548,"0",NA,NA,NA,NA,NA,NA,NA,NA,NA,NA,NA
"ROBBIEGOULD","K","espn","Robbie Gould","CHI",37,549,"0",NA,NA,NA,NA,NA,NA,NA,NA,NA,NA,NA
"SHAUNSUISHAM","K","espn","Shaun Suisham","PIT",38,550,"0",NA,NA,NA,NA,NA,NA,NA,NA,NA,NA,NA
"GARRETTHARTLEY","K","espn","Garrett Hartley","PIT",39,551,"0",NA,NA,NA,NA,NA,NA,NA,NA,NA,NA,NA
"ALEXHENERY","K","espn","Alex Henery","FA",40,552,"0",NA,NA,NA,NA,NA,NA,NA,NA,NA,NA,NA
"KAIFORBATH","K","espn","Kai Forbath","NO",41,553,"0",NA,NA,NA,NA,NA,NA,NA,NA,NA,NA,NA
"RANDYBULLOCK","K","espn","Randy Bullock","NYG",42,554,"0",NA,NA,NA,NA,NA,NA,NA,NA,NA,NA,NA
"BRANDONBOGOTAY","K","espn","Brandon Bogotay","TB",43,555,"0",NA,NA,NA,NA,NA,NA,NA,NA,NA,NA,NA
"ZACHHOCKER","K","espn","Zach Hocker","CIN",44,556,"0",NA,NA,NA,NA,NA,NA,NA,NA,NA,NA,NA
"TRAVISCOONS","K","espn","Travis Coons","CLE",45,557,"0",NA,NA,NA,NA,NA,NA,NA,NA,NA,NA,NA
"CODYPARKEY","K","espn","Cody Parkey","CLE",46,558,"0",NA,NA,NA,NA,NA,NA,NA,NA,NA,NA,NA
"JORDANGAY","K","espn","Jordan Gay","BUF",47,559,"0",NA,NA,NA,NA,NA,NA,NA,NA,NA,NA,NA
"KYLEBRINDZA","K","espn","Kyle Brindza","NYJ",48,560,"0",NA,NA,NA,NA,NA,NA,NA,NA,NA,NA,NA
"DETROITLIONS","DST","espn","Detroit Lions","DET",1,4,"97.2",0,0,0,0,0,0,0,0,0,0,0
"MINNESOTAVIKINGS","DST","espn","Minnesota Vikings","MIN",2,9,"96.1",0,0,0,0,0,0,0,0,0,0,0
"JACKSONVILLEJAGUARS","DST","espn","Jacksonville Jaguars","JAC",3,17,"92.4",0,0,0,0,0,0,0,0,0,0,0
"NEWENGLANDPATRIOTS","DST","espn","New England Patriots","NE",4,19,"92.3",0,0,0,0,0,0,0,0,0,0,0
"PITTSBURGHSTEELERS","DST","espn","Pittsburgh Steelers","PIT",5,21,"91.7",0,0,0,0,0,0,0,0,0,0,0
"ATLANTAFALCONS","DST","espn","Atlanta Falcons","ATL",6,23,"90.6",0,0,0,0,0,0,0,0,0,0,0
"NEWYORKGIANTS","DST","espn","New York Giants","NYG",7,32,"88.7",0,0,0,0,0,0,0,0,0,0,0
"INDIANAPOLISCOLTS","DST","espn","Indianapolis Colts","IND",8,33,"88.6",0,0,0,0,0,0,0,0,0,0,0
"PHILADELPHIAEAGLES","DST","espn","Philadelphia Eagles","PHI",9,35,"87.5",0,0,0,0,0,0,0,0,0,0,0
"CHICAGOBEARS","DST","espn","Chicago Bears","CHI",10,37,"87.4",0,0,0,0,0,0,0,0,0,0,0
"SANDIEGOCHARGERS","DST","espn","San Diego Chargers","SD",11,40,"85.7",0,0,0,0,0,0,0,0,0,0,0
"WASHINGTONREDSKINS","DST","espn","Washington Redskins","WAS",12,46,"82.5",0,0,0,0,0,0,0,0,0,0,0
"TENNESSEETITANS","DST","espn","Tennessee Titans","TEN",13,47,"82.2",0,0,0,0,0,0,0,0,0,0,0
"MIAMIDOLPHINS","DST","espn","Miami Dolphins","MIA",14,48,"82.2",0,0,0,0,0,0,0,0,0,0,0
"SANFRANCISCO49ERS","DST","espn","San Francisco 49ers","SF",15,62,"74.7",0,0,0,0,0,0,0,0,0,0,0
"CLEVELANDBROWNS","DST","espn","Cleveland Browns","CLE",16,68,"71.2",0,0,0,0,0,0,0,0,0,0,0
"DALLASCOWBOYS","DST","espn","Dallas Cowboys","DAL",17,72,"68.9",0,0,0,0,0,0,0,0,0,0,0
"NEWORLEANSSAINTS","DST","espn","New Orleans Saints","NO",18,104,"54.1",0,0,0,0,0,0,0,0,0,0,0
"DENVERBRONCOS","DST","espn","Denver Broncos","DEN",19,283,"141.5",0,0,0,0,0,0,0,0,0,0,0
"CINCINNATIBENGALS","DST","espn","Cincinnati Bengals","CIN",20,323,"123.1",0,0,0,0,0,0,0,0,0,0,0
"CAROLINAPANTHERS","DST","espn","Carolina Panthers","CAR",21,325,"122.7",0,0,0,0,0,0,0,0,0,0,0
"GREENBAYPACKERS","DST","espn","Green Bay Packers","GB",22,329,"121",0,0,0,0,0,0,0,0,0,0,0
"ARIZONACARDINALS","DST","espn","Arizona Cardinals","ARZ",23,334,"120.1",0,0,0,0,0,0,0,0,0,0,0
"SEATTLESEAHAWKS","DST","espn","Seattle Seahawks","SEA",24,343,"117.7",0,0,0,0,0,0,0,0,0,0,0
"NEWYORKJETS","DST","espn","New York Jets","NYJ",25,351,"116.3",0,0,0,0,0,0,0,0,0,0,0
"BUFFALOBILLS","DST","espn","Buffalo Bills","BUF",26,354,"114.3",0,0,0,0,0,0,0,0,0,0,0
"OAKLANDRAIDERS","DST","espn","Oakland Raiders","OAK",27,356,"113.6",0,0,0,0,0,0,0,0,0,0,0
"HOUSTONTEXANS","DST","espn","Houston Texans","HOU",28,357,"113.4",0,0,0,0,0,0,0,0,0,0,0
"KANSASCITYCHIEFS","DST","espn","Kansas City Chiefs","KC",29,358,"113.4",0,0,0,0,0,0,0,0,0,0,0
"STLOUISRAMS","DST","espn","St. Louis Rams","STL",30,362,"112",0,0,0,0,0,0,0,0,0,0,0
"TAMPABAYBUCCANEERS","DST","espn","Tampa Bay Buccaneers","TB",31,391,"103",0,0,0,0,0,0,0,0,0,0,0
"BALTIMORERAVENS","DST","espn","Baltimore Ravens","BAL",32,394,"100.3",0,0,0,0,0,0,0,0,0,0,0
